<?xml version="1.0" encoding="UTF-8"?>
<!DOCTYPE suite SYSTEM "https://testng.org/testng-1.0.dtd">
<suite name="Suite">
	<test name="chrome test">
		<parameter name="browser" value="chrome" />
		<parameter name="syslog"
			value="Chrome test is succesfully executed" />
		<classes>
			<class name="testng.maven.testwebapp.testwebapp"></class>
		</classes>
	</test>
<!-- 	<test name="firefox test">
		<parameter name="browser" value="firefox" />
		<parameter name="syslog"
			value="test is succesfully executed" />
		<classes>
			<class name="testng.maven.testwebapp.testwebapp"></class>
		</classes>
	</test> -->
	<test name="Edge test">
		<parameter name="browser" value="edge" />
		<parameter name="syslog"
			value="Edge test is succesfully executed" />
		<classes>
			<class name="testng.maven.testwebapp.testwebapp"></class>
		</classes>
	</test>
</suite> 
