<?xml version="1.0" encoding="UTF-8"?>
<!DOCTYPE suite SYSTEM "https://testng.org/testng-1.0.dtd">
<suite name="Smoke testing Suite">
  <test thread-count="5" name="Smoke test">
  	<groups>
  		<run>
  			<include name="Smoke"></include>
  			<exclude name="Regression"></exclude>
  		</run>
  	</groups>
    <classes>
      <class name="testng.maven.testwebapp.testwebapp"></class>
      <class name="testng.maven.testwebapp.ExecutionOrder"></class>
    </classes>
  </test> <!-- Test -->
</suite> <!-- Suite -->
